-- MySQL dump 10.13  Distrib 8.0.33, for Win64 (x86_64)
--
-- Host: localhost    Database: hms
-- ------------------------------------------------------
-- Server version	8.0.33

/*!40101 SET @OLD_CHARACTER_SET_CLIENT=@@CHARACTER_SET_CLIENT */;
/*!40101 SET @OLD_CHARACTER_SET_RESULTS=@@CHARACTER_SET_RESULTS */;
/*!40101 SET @OLD_COLLATION_CONNECTION=@@COLLATION_CONNECTION */;
/*!50503 SET NAMES utf8mb4 */;
/*!40103 SET @OLD_TIME_ZONE=@@TIME_ZONE */;
/*!40103 SET TIME_ZONE='+00:00' */;
/*!40014 SET @OLD_UNIQUE_CHECKS=@@UNIQUE_CHECKS, UNIQUE_CHECKS=0 */;
/*!40014 SET @OLD_FOREIGN_KEY_CHECKS=@@FOREIGN_KEY_CHECKS, FOREIGN_KEY_CHECKS=0 */;
/*!40101 SET @OLD_SQL_MODE=@@SQL_MODE, SQL_MODE='NO_AUTO_VALUE_ON_ZERO' */;
/*!40111 SET @OLD_SQL_NOTES=@@SQL_NOTES, SQL_NOTES=0 */;

--
-- Table structure for table `hospitals`
--

DROP TABLE IF EXISTS `hospitals`;
/*!40101 SET @saved_cs_client     = @@character_set_client */;
/*!50503 SET character_set_client = utf8mb4 */;
CREATE TABLE `hospitals` (
  `id` int NOT NULL AUTO_INCREMENT,
  `name` varchar(100) DEFAULT NULL,
  `area` varchar(100) DEFAULT NULL,
  `staff` int DEFAULT NULL,
  `total_nbed` int DEFAULT NULL,
  `ava_nbed` int DEFAULT NULL,
  `total_vbed` int DEFAULT NULL,
  `ava_vbed` int DEFAULT NULL,
  `oxygen_cylinders` int DEFAULT NULL,
  `nebulizers` int DEFAULT NULL,
  `phone_number` varchar(20) DEFAULT NULL,
  `city` varchar(100) DEFAULT NULL,
  PRIMARY KEY (`id`)
) ENGINE=InnoDB AUTO_INCREMENT=7 DEFAULT CHARSET=utf8mb4 COLLATE=utf8mb4_0900_ai_ci;
/*!40101 SET character_set_client = @saved_cs_client */;

--
-- Dumping data for table `hospitals`
--

LOCK TABLES `hospitals` WRITE;
/*!40000 ALTER TABLE `hospitals` DISABLE KEYS */;
INSERT INTO `hospitals` VALUES (1,'zydus','gota',50,100,20,20,5,150,100,'+91 123456','ahmedabad'),(2,'civil','shahibaug',300,500,100,200,40,350,400,'+91 565656','ahmedabad'),(3,'sterling','gurukul',100,200,80,88,69,30,50,'+91 545362','ahmedabad'),(4,'vj','dummas',20,100,100,20,15,150,100,'+91 541532','surat'),(5,'nirmal hospital','naranpura',56,300,50,100,5,43,50,'+91 5132435','surat'),(6,'aditi hospital','udhna',50,100,20,20,5,150,100,'+91 545351','surat');
/*!40000 ALTER TABLE `hospitals` ENABLE KEYS */;
UNLOCK TABLES;

--
-- Table structure for table `laboratory`
--

DROP TABLE IF EXISTS `laboratory`;
/*!40101 SET @saved_cs_client     = @@character_set_client */;
/*!50503 SET character_set_client = utf8mb4 */;
CREATE TABLE `laboratory` (
  `test_id` int NOT NULL AUTO_INCREMENT,
  `person` int DEFAULT NULL,
  `status` varchar(20) DEFAULT NULL,
  `city` varchar(100) DEFAULT NULL,
  `name` varchar(100) DEFAULT NULL,
  PRIMARY KEY (`test_id`),
  KEY `person` (`person`),
  CONSTRAINT `laboratory_ibfk_1` FOREIGN KEY (`person`) REFERENCES `people` (`id`)
) ENGINE=InnoDB AUTO_INCREMENT=41 DEFAULT CHARSET=utf8mb4 COLLATE=utf8mb4_0900_ai_ci;
/*!40101 SET character_set_client = @saved_cs_client */;

--
-- Dumping data for table `laboratory`
--

LOCK TABLES `laboratory` WRITE;
/*!40000 ALTER TABLE `laboratory` DISABLE KEYS */;
INSERT INTO `laboratory` VALUES (1,157,'pending','surat','jimmy lawrence'),(2,118,'pending','surat','deborah welch'),(3,207,'pending','ahmedabad','steven russell'),(4,184,'negative','surat','mr. douglas miller'),(5,430,'pending','surat','allison wyatt'),(6,127,'negative','surat','joseph miller'),(7,344,'positive','ahmedabad','dawn anderson'),(8,301,'positive','surat','todd calderon'),(9,357,'pending','ahmedabad','lisa webb'),(10,216,'negative','ahmedabad','anthony powell'),(11,18,'pending','surat','kevin campbell'),(12,272,'positive','surat','ms. brittany smith'),(13,221,'positive','surat','amber johnson'),(14,218,'pending','ahmedabad','crystal cruz'),(15,438,'pending','surat','wanda johnson'),(16,326,'pending','ahmedabad','jorge blackwell'),(17,366,'negative','ahmedabad','stacy johnson'),(18,351,'negative','ahmedabad','bradley thomas'),(19,247,'negative','ahmedabad','jeff crawford'),(20,297,'positive','surat','sean gilmore'),(21,393,'positive','surat','cory hart'),(22,43,'negative','ahmedabad','brian hunter'),(23,305,'pending','ahmedabad','jason kelly'),(24,137,'pending','surat','cassandra baker'),(25,286,'positive','surat','savannah valentine'),(26,128,'negative','surat','kathleen valentine'),(27,154,'positive','ahmedabad','ashley ortega'),(28,103,'pending','ahmedabad','jeffrey green'),(29,352,'pending','surat','janet greer'),(30,45,'pending','ahmedabad','charles burns'),(31,107,'negative','ahmedabad','mary moran'),(32,378,'negative','ahmedabad','erin mitchell'),(33,463,'positive','surat','desiree hall'),(34,96,'positive','ahmedabad','jonathan beltran'),(35,81,'positive','ahmedabad','brenda williams'),(36,401,'pending','surat','ashley brooks'),(37,163,'negative','ahmedabad','lori harris'),(38,263,'positive','surat','whitney stephens'),(39,112,'pending','ahmedabad','kylie ortiz'),(40,404,'pending','surat','dominique hanna');
/*!40000 ALTER TABLE `laboratory` ENABLE KEYS */;
UNLOCK TABLES;

--
-- Table structure for table `medicines`
--

DROP TABLE IF EXISTS `medicines`;
/*!40101 SET @saved_cs_client     = @@character_set_client */;
/*!50503 SET character_set_client = utf8mb4 */;
CREATE TABLE `medicines` (
  `id` int NOT NULL AUTO_INCREMENT,
  `name` varchar(100) DEFAULT NULL,
  `city` varchar(100) DEFAULT NULL,
  `stock` int DEFAULT NULL,
  PRIMARY KEY (`id`)
) ENGINE=InnoDB AUTO_INCREMENT=7 DEFAULT CHARSET=utf8mb4 COLLATE=utf8mb4_0900_ai_ci;
/*!40101 SET character_set_client = @saved_cs_client */;

--
-- Dumping data for table `medicines`
--

LOCK TABLES `medicines` WRITE;
/*!40000 ALTER TABLE `medicines` DISABLE KEYS */;
INSERT INTO `medicines` VALUES (1,'covaxin','ahmedabad',10000),(2,'covaxin','surat',9000),(3,'covishield','ahmedabad',7000),(4,'covishield','surat',2000),(5,'remedivisir','ahmedabad',2000),(6,'remedivisir','surat',800);
/*!40000 ALTER TABLE `medicines` ENABLE KEYS */;
UNLOCK TABLES;

--
-- Table structure for table `people`
--

DROP TABLE IF EXISTS `people`;
/*!40101 SET @saved_cs_client     = @@character_set_client */;
/*!50503 SET character_set_client = utf8mb4 */;
CREATE TABLE `people` (
  `id` int NOT NULL AUTO_INCREMENT,
  `name` varchar(100) DEFAULT NULL,
  `gender` varchar(10) DEFAULT NULL,
  `age` int DEFAULT NULL,
  `health_condition` varchar(10) DEFAULT NULL,
  `city` varchar(100) DEFAULT NULL,
  `area` varchar(100) DEFAULT NULL,
  `hospital` int DEFAULT NULL,
  PRIMARY KEY (`id`),
  KEY `hospital` (`hospital`),
  CONSTRAINT `people_ibfk_1` FOREIGN KEY (`hospital`) REFERENCES `hospitals` (`id`)
) ENGINE=InnoDB AUTO_INCREMENT=501 DEFAULT CHARSET=utf8mb4 COLLATE=utf8mb4_0900_ai_ci;
/*!40101 SET character_set_client = @saved_cs_client */;

--
-- Dumping data for table `people`
--

LOCK TABLES `people` WRITE;
/*!40000 ALTER TABLE `people` DISABLE KEYS */;
INSERT INTO `people` VALUES (1,'caitlin dalton','female',97,'moderate','ahmedabad','sanchez turnpike',1),(2,'jane gregory','female',61,'mild','surat','michael avenue',5),(3,'joel moore','male',21,'severe','surat','turner path',6),(4,'richard sanders','male',53,'moderate','ahmedabad','wilson tunnel',1),(5,'peter hays','male',15,'severe','ahmedabad','jose forks',3),(6,'elizabeth odom','male',27,'moderate','ahmedabad','gray pines',3),(7,'randall wyatt','male',62,'severe','surat','shannon extensions',5),(8,'theresa rodriguez','male',14,'moderate','ahmedabad','teresa coves',3),(9,'yolanda rhodes','female',67,'severe','surat','mcdonald path',5),(10,'larry roberts','female',75,'moderate','surat','allen overpass',4),(11,'shannon taylor dds','male',52,'mild','surat','jacob junctions',4),(12,'allen hill','male',7,'severe','ahmedabad','cole roads',1),(13,'leslie price','female',14,'mild','ahmedabad','brady mews',1),(14,'ashley thomas','male',21,'severe','surat','nathan mount',5),(15,'jennifer hunter','female',21,'severe','surat','miles road',5),(16,'christopher lane','female',82,'mild','surat','davis wells',5),(17,'anthony harrison','male',1,'moderate','ahmedabad','amy light',1),(18,'thomas byrd','female',39,'mild','ahmedabad','williams stravenue',1),(19,'dustin rivas','female',88,'mild','surat','jennifer mountains',5),(20,'sara harris','female',49,'severe','ahmedabad','burns mall',1),(21,'mitchell morgan','female',58,'moderate','surat','hurley fields',5),(22,'jocelyn houston','female',26,'moderate','surat','parker stravenue',5),(23,'anthony lee','female',65,'mild','ahmedabad','kevin ways',1),(24,'juan howell','male',71,'mild','surat','vanessa drives',5),(25,'ian johnson','female',17,'mild','surat','wolf stravenue',4),(26,'john banks','female',51,'severe','surat','logan station',6),(27,'michael bryant','male',50,'mild','ahmedabad','white unions',2),(28,'william sanders','male',60,'mild','ahmedabad','roger common',1),(29,'melody carter','male',69,'severe','ahmedabad','haley passage',2),(30,'cheryl fox','male',29,'moderate','surat','deborah coves',4),(31,'heather preston','female',16,'moderate','surat','catherine mills',5),(32,'jimmy morales','female',53,'severe','surat','estes mountain',4),(33,'angela nelson','female',26,'moderate','surat','evans ford',5),(34,'joseph sullivan','male',69,'severe','ahmedabad','justin loaf',1),(35,'mary hall','female',34,'severe','surat','scott knolls',4),(36,'jeremy rice','female',14,'severe','ahmedabad','burke wells',2),(37,'stacey jacobson','male',88,'moderate','surat','cruz union',6),(38,'lisa webb','male',92,'severe','surat','cynthia mount',5),(39,'makayla obrien','female',39,'severe','surat','janet highway',4),(40,'brittany martinez','male',5,'moderate','surat','justin coves',6),(41,'danielle deleon','male',25,'moderate','ahmedabad','erica springs',2),(42,'amy porter','female',1,'severe','surat','leach vista',5),(43,'amy morris','female',56,'mild','surat','turner greens',6),(44,'david cole','female',78,'mild','ahmedabad','ryan lights',3),(45,'gabrielle cox','male',96,'severe','surat','brian lake',6),(46,'richard wilson','female',35,'severe','surat','christopher shore',4),(47,'lee cordova','female',39,'severe','ahmedabad','shah viaduct',2),(48,'darius torres','female',5,'moderate','ahmedabad','watkins street',1),(49,'brooke silva','female',83,'mild','ahmedabad','mark drives',1),(50,'michelle cruz','male',75,'mild','ahmedabad','jessica mission',2),(51,'michelle schwartz','male',75,'moderate','ahmedabad','waters port',2),(52,'james pham','male',87,'moderate','ahmedabad','megan canyon',2),(53,'frances clark','female',56,'moderate','surat','amanda locks',4),(54,'fernando thomas','female',12,'mild','ahmedabad','reese forges',2),(55,'amanda kelley','female',36,'mild','ahmedabad','wilkinson valleys',3),(56,'jennifer mcdaniel','male',100,'severe','ahmedabad','jensen mission',3),(57,'rachel hughes','female',50,'moderate','ahmedabad','alexandra lake',3),(58,'nathan cooper','female',19,'severe','surat','santana villages',4),(59,'jennifer ryan','male',42,'severe','surat','marc lodge',5),(60,'amanda thomas','male',1,'mild','ahmedabad','waters crescent',1),(61,'christopher butler','female',56,'severe','ahmedabad','jacobs field',1),(62,'stephanie garner','male',42,'mild','ahmedabad','porter flats',2),(63,'jason salas','female',19,'moderate','ahmedabad','yates shoal',1),(64,'tyler jimenez','male',9,'moderate','surat','allen passage',6),(65,'joshua escobar','male',70,'moderate','ahmedabad','harrington springs',3),(66,'shannon hill','female',90,'severe','surat','emily plains',5),(67,'maria gross','male',56,'mild','surat','brown stravenue',5),(68,'courtney price','male',57,'mild','ahmedabad','harris prairie',3),(69,'peter sanchez','male',92,'mild','ahmedabad','thomas turnpike',3),(70,'sharon lee','female',63,'mild','ahmedabad','hatfield expressway',1),(71,'mrs. sarah smith dvm','female',6,'severe','ahmedabad','nicholson groves',2),(72,'adam bolton','female',75,'mild','surat','matthew cove',5),(73,'clarence garcia','male',38,'mild','surat','jessica greens',4),(74,'charlene stevens','female',51,'severe','surat','ricky mews',4),(75,'charles ali dvm','male',97,'moderate','ahmedabad','baxter summit',1),(76,'joel cortez jr.','male',40,'moderate','surat','michael plain',4),(77,'sandra thomas','female',43,'mild','ahmedabad','george estates',1),(78,'jason young','male',27,'mild','ahmedabad','mark knolls',1),(79,'karen gentry','female',32,'mild','ahmedabad','lopez forge',2),(80,'laura gordon','male',45,'moderate','ahmedabad','lucero mountain',1),(81,'katelyn mullen','male',40,'mild','ahmedabad','yvette brook',1),(82,'travis wilson','female',33,'mild','surat','dominic passage',4),(83,'ashley nelson','female',54,'mild','ahmedabad','christopher forks',1),(84,'travis hernandez','male',10,'moderate','surat','derrick common',4),(85,'ricky martinez','female',99,'severe','ahmedabad','edward meadow',3),(86,'donald scott','male',35,'severe','surat','colleen meadow',4),(87,'john molina','male',99,'mild','surat','brown ville',5),(88,'erika tran','female',90,'severe','ahmedabad','grant underpass',3),(89,'meghan martin','male',74,'mild','surat','deborah drives',4),(90,'kimberly brady','male',61,'mild','ahmedabad','cooper roads',2),(91,'maria garcia','female',45,'moderate','ahmedabad','ho loaf',3),(92,'jason allen','male',84,'moderate','ahmedabad','ortiz creek',2),(93,'peter pittman','male',79,'mild','surat','mccarty manors',4),(94,'anthony brown','male',89,'severe','surat','kent causeway',6),(95,'linda bell','male',41,'mild','surat','brian streets',6),(96,'justin summers','male',25,'severe','surat','pamela court',5),(97,'charles rodriguez','female',56,'moderate','surat','hart route',5),(98,'sean martinez','female',59,'mild','ahmedabad','grant stream',2),(99,'taylor robinson','female',66,'moderate','surat','turner cape',6),(100,'juan kelley','male',19,'moderate','surat','george spring',6),(101,'karen marks','male',82,'moderate','ahmedabad','emily ford',3),(102,'john davis','female',98,'mild','ahmedabad','anderson crossroad',3),(103,'jessica howard','female',51,'severe','surat','lawrence knoll',4),(104,'amber carey','female',89,'moderate','surat','little track',5),(105,'michelle schmitt','male',77,'moderate','surat','eric pass',6),(106,'nicole marsh','female',34,'severe','ahmedabad','jeffrey fall',1),(107,'elizabeth miller','male',59,'severe','ahmedabad','banks well',1),(108,'christine copeland','female',85,'mild','ahmedabad','deborah lakes',1),(109,'laura mendoza','male',5,'moderate','ahmedabad','leah vista',3),(110,'brenda villarreal','male',41,'mild','ahmedabad','ross camp',2),(111,'nathan berry','female',1,'severe','surat','mathew ramp',5),(112,'joseph martinez','female',34,'severe','surat','jenkins brooks',6),(113,'breanna moody','male',57,'moderate','ahmedabad','underwood forge',2),(114,'shawn cox','female',67,'moderate','surat','patel fork',5),(115,'kathleen perez','female',67,'mild','surat','allen centers',5),(116,'cody young','female',7,'mild','ahmedabad','white mills',1),(117,'cynthia freeman','male',39,'moderate','ahmedabad','drake bypass',2),(118,'dylan michael','female',55,'severe','surat','smith knolls',4),(119,'julie cooper','male',90,'moderate','ahmedabad','allison flats',3),(120,'eric smith','male',78,'severe','ahmedabad','breanna forges',3),(121,'doris martin','female',1,'moderate','surat','velez center',6),(122,'megan pugh','male',63,'moderate','ahmedabad','farrell row',2),(123,'kim ray','male',48,'moderate','ahmedabad','cox overpass',2),(124,'sheila wade','female',84,'moderate','surat','hayes falls',6),(125,'timothy santiago','male',34,'mild','ahmedabad','justin motorway',3),(126,'bobby rogers','female',2,'mild','surat','madison motorway',6),(127,'michael valdez','male',53,'moderate','surat','tapia pike',6),(128,'ashley mcdaniel','male',20,'mild','surat','keith turnpike',6),(129,'brian smith','female',56,'moderate','ahmedabad','chen lane',1),(130,'jacob brooks dds','male',88,'severe','ahmedabad','marquez tunnel',2),(131,'michael gibbs','male',12,'mild','ahmedabad','katie course',1),(132,'helen little','female',23,'mild','surat','johnson junctions',6),(133,'stephen strickland','female',88,'mild','ahmedabad','john village',2),(134,'ryan good','female',9,'severe','ahmedabad','laurie plaza',1),(135,'cindy walters','female',66,'moderate','surat','anna knoll',5),(136,'shelby gonzales','female',45,'mild','ahmedabad','kimberly brooks',2),(137,'robert schaefer','male',67,'moderate','surat','rivera fork',4),(138,'joseph martin','female',31,'mild','surat','alyssa skyway',4),(139,'taylor owens','female',8,'moderate','ahmedabad','montgomery via',1),(140,'matthew martin','male',26,'moderate','ahmedabad','salazar oval',3),(141,'brittany thompson','female',3,'severe','ahmedabad','johnson crescent',2),(142,'michael sellers','female',25,'moderate','surat','joshua turnpike',5),(143,'daniel ramirez','female',29,'severe','surat','chen lights',6),(144,'terry ford','female',23,'moderate','surat','collins causeway',4),(145,'nancy brown','female',34,'severe','ahmedabad','daniel parkways',2),(146,'anna clark','female',14,'moderate','ahmedabad','green mount',3),(147,'jay yoder','female',89,'mild','ahmedabad','lee unions',3),(148,'steven baker','female',96,'moderate','surat','lynch orchard',4),(149,'raymond randolph','female',3,'severe','ahmedabad','ward islands',3),(150,'margaret steele','male',41,'moderate','surat','matthew mill',6),(151,'amanda gallagher','female',51,'severe','surat','tyler hill',5),(152,'jack morrison','female',59,'mild','surat','small greens',4),(153,'ashley ortiz','female',24,'moderate','ahmedabad','hamilton falls',1),(154,'christopher morgan','female',86,'mild','surat','davis gateway',4),(155,'jordan wong','male',71,'moderate','ahmedabad','griffin station',2),(156,'breanna johnson','female',30,'mild','surat','perez station',5),(157,'darrell hawkins','male',79,'moderate','ahmedabad','evans village',2),(158,'nicole delacruz','male',88,'moderate','ahmedabad','crawford isle',3),(159,'frederick allen','female',19,'moderate','ahmedabad','mary mountains',3),(160,'bobby dixon','male',67,'mild','ahmedabad','jesse square',1),(161,'christopher thompson','male',11,'mild','surat','kimberly mission',5),(162,'dakota woodard','male',13,'moderate','ahmedabad','scott drive',1),(163,'nina lewis','female',93,'moderate','surat','garcia walks',6),(164,'emily sullivan','male',39,'mild','ahmedabad','hall prairie',1),(165,'alexander martin','female',13,'mild','ahmedabad','michael garden',1),(166,'lance reese','female',55,'severe','ahmedabad','carr groves',2),(167,'tabitha price','female',89,'moderate','ahmedabad','cook circle',2),(168,'alyssa branch','male',77,'severe','ahmedabad','ryan branch',2),(169,'john bell','female',59,'moderate','surat','alvarado trafficway',5),(170,'jack wright','female',23,'moderate','ahmedabad','cummings ports',2),(171,'kelly alvarado','male',91,'severe','ahmedabad','logan shoals',3),(172,'ashley fernandez','female',100,'severe','surat','leonard roads',5),(173,'danny leach','male',3,'moderate','ahmedabad','robert causeway',1),(174,'ashley white','female',100,'mild','surat','jamie flats',4),(175,'donald carey','male',97,'severe','ahmedabad','bradley glen',1),(176,'frank daugherty','female',51,'mild','ahmedabad','moreno port',2),(177,'jessica nelson','female',59,'severe','ahmedabad','nicholas corner',3),(178,'aaron fernandez','female',79,'mild','ahmedabad','erin cape',2),(179,'edward cook','male',99,'mild','ahmedabad','wagner fork',1),(180,'haley chen','female',81,'severe','surat','ashley port',5),(181,'kelly chavez','male',60,'moderate','surat','john junctions',4),(182,'nicholas santiago','female',41,'severe','surat','peter walk',4),(183,'steven rivera','female',88,'mild','ahmedabad','hale valleys',1),(184,'stephen clayton','female',61,'moderate','surat','justin shores',4),(185,'carlos robbins','male',95,'severe','ahmedabad','howell parks',3),(186,'brandon hess','male',95,'mild','surat','gonzalez trafficway',6),(187,'nicholas anderson','female',92,'moderate','ahmedabad','anderson knolls',3),(188,'anthony russell','male',8,'moderate','ahmedabad','clifford drive',3),(189,'kevin turner','male',49,'severe','ahmedabad','avila burgs',2),(190,'lisa gomez','female',51,'moderate','ahmedabad','rachel plaza',2),(191,'margaret ramos','female',14,'severe','ahmedabad','guerrero views',2),(192,'matthew butler','female',78,'mild','surat','johnson streets',4),(193,'joseph perez','female',46,'moderate','ahmedabad','jaime way',3),(194,'angela petersen','female',37,'mild','ahmedabad','kenneth radial',3),(195,'robin ross','male',54,'moderate','surat','jackson views',4),(196,'thomas maxwell','male',8,'moderate','surat','dan flats',5),(197,'jonathan morgan','female',47,'mild','ahmedabad','williams pines',3),(198,'nicholas adkins','female',75,'severe','surat','mason rest',6),(199,'diane boyd','male',17,'severe','ahmedabad','conway garden',2),(200,'susan ruiz','female',18,'severe','ahmedabad','charles junctions',2),(201,'jesus dudley','male',85,'moderate','ahmedabad','brown lodge',1),(202,'robert tran','male',91,'mild','ahmedabad','april summit',2),(203,'anna gaines','male',14,'severe','ahmedabad','michael glen',2),(204,'ray parker','male',83,'severe','surat','timothy highway',6),(205,'susan terry','male',60,'severe','surat','robert forks',5),(206,'paul macias','male',85,'severe','surat','brian trail',4),(207,'hayden mitchell','male',12,'mild','ahmedabad','rush springs',2),(208,'bethany anderson','male',33,'severe','ahmedabad','ross village',1),(209,'jeffrey hoover','male',89,'severe','surat','hensley vista',5),(210,'louis mahoney','male',73,'severe','surat','steven pass',6),(211,'chelsea barker','female',61,'moderate','surat','evans haven',6),(212,'julie robinson','male',95,'moderate','ahmedabad','gaines loop',1),(213,'michael campbell','female',39,'mild','surat','kevin hollow',5),(214,'christopher scott','male',68,'severe','ahmedabad','maddox crescent',1),(215,'melinda brown','male',59,'severe','surat','william square',4),(216,'brian lee','female',12,'mild','ahmedabad','morris stream',2),(217,'mark reyes','female',39,'moderate','surat','angela parkway',4),(218,'joshua tucker','female',2,'moderate','ahmedabad','matthews key',2),(219,'eric williams','female',7,'severe','surat','elizabeth crossing',6),(220,'matthew robinson','female',81,'moderate','surat','william unions',4),(221,'jeremy farmer','male',60,'severe','surat','denise islands',4),(222,'christine russell','male',89,'moderate','ahmedabad','david stream',3),(223,'james greene','male',72,'mild','ahmedabad','day shores',2),(224,'brent mcclain','male',37,'severe','surat','baker trace',5),(225,'logan collins jr.','male',96,'mild','ahmedabad','emily drive',1),(226,'carl parker','female',11,'mild','surat','barron vista',6),(227,'larry miller','female',19,'mild','ahmedabad','bridges pines',3),(228,'blake webb','female',74,'moderate','surat','elizabeth mall',6),(229,'jennifer dixon','female',27,'moderate','surat','steven port',6),(230,'shannon brown','male',57,'mild','surat','chapman run',6),(231,'danny bowers','male',42,'moderate','ahmedabad','william bridge',1),(232,'angela richardson','male',62,'moderate','surat','wright loaf',4),(233,'anthony chavez','female',36,'mild','surat','nelson isle',4),(234,'carlos fox','male',38,'severe','ahmedabad','jacobs motorway',2),(235,'michael church','male',73,'severe','surat','nicole course',6),(236,'kathy fleming','female',60,'severe','ahmedabad','anne prairie',3),(237,'michael austin','female',46,'severe','ahmedabad','jeremiah shores',1),(238,'stephanie lee','male',20,'moderate','ahmedabad','dalton junctions',1),(239,'jimmy deleon','male',94,'moderate','surat','wallace glens',6),(240,'jennifer murphy','female',51,'moderate','surat','johnson spur',5),(241,'brett calderon','female',31,'severe','surat','jacobs vista',5),(242,'jamie vasquez','female',98,'moderate','surat','rhonda isle',6),(243,'phillip harrington','male',4,'mild','surat','michael inlet',4),(244,'deborah chase','male',37,'severe','surat','garcia views',4),(245,'debra murillo','male',20,'moderate','ahmedabad','brian villages',3),(246,'cheryl reyes','female',97,'moderate','ahmedabad','costa parkways',1),(247,'wendy schmidt','male',30,'moderate','surat','brandon track',4),(248,'kathryn gamble','female',12,'severe','ahmedabad','peggy harbors',2),(249,'david campbell','female',74,'mild','ahmedabad','clay union',1),(250,'david andrews','female',17,'moderate','surat','wong rapids',6),(251,'ashley brooks','male',4,'moderate','ahmedabad','woodward forge',1),(252,'katie reyes','male',98,'moderate','surat','nguyen mission',5),(253,'brianna hoffman','male',71,'severe','ahmedabad','elizabeth field',2),(254,'jody mckinney md','female',5,'moderate','surat','ian club',5),(255,'lisa yates','female',31,'severe','ahmedabad','king squares',3),(256,'john greene','female',56,'mild','ahmedabad','angela ford',3),(257,'robert nichols','male',16,'mild','surat','lee hill',6),(258,'james haney','female',98,'moderate','surat','sutton highway',6),(259,'alex brooks','male',34,'moderate','ahmedabad','connie via',1),(260,'katelyn hawkins','male',60,'mild','surat','flores rest',5),(261,'allison mclaughlin','female',13,'severe','surat','larry greens',4),(262,'kathleen wang','female',81,'severe','surat','amy dale',6),(263,'mary nash','male',2,'moderate','ahmedabad','ashley brook',2),(264,'thomas wright','male',29,'severe','surat','katrina turnpike',6),(265,'denise mckay','male',75,'mild','ahmedabad','melanie rest',1),(266,'elizabeth chen','female',99,'moderate','ahmedabad','mann curve',2),(267,'daniel valencia','female',42,'severe','surat','anthony pine',5),(268,'samantha lyons','female',97,'severe','surat','kelley lodge',5),(269,'michael flores','female',96,'severe','ahmedabad','richardson circles',2),(270,'kathy salas','female',8,'mild','surat','charles parks',6),(271,'brian johnson','male',74,'moderate','surat','philip mills',4),(272,'jose eaton','female',50,'severe','ahmedabad','crystal divide',2),(273,'jeremy scott','female',35,'severe','surat','davis spurs',5),(274,'jamie joyce','male',58,'severe','ahmedabad','amanda ways',3),(275,'lisa wright','male',58,'severe','ahmedabad','williams creek',2),(276,'brandon zimmerman','female',37,'moderate','ahmedabad','martinez village',1),(277,'dr. jasmin boyd','male',17,'moderate','surat','robert station',6),(278,'cynthia lee','female',54,'severe','ahmedabad','webster canyon',3),(279,'jennifer vargas','female',51,'mild','surat','whitehead garden',6),(280,'daniel jones','female',31,'severe','surat','lee meadow',4),(281,'christopher moses','female',52,'severe','ahmedabad','horn mission',1),(282,'michael roberts','female',70,'mild','ahmedabad','timothy lodge',3),(283,'carol mendoza','female',94,'severe','ahmedabad','williams loop',3),(284,'jessica bryant','male',74,'moderate','ahmedabad','joel branch',2),(285,'jessica stokes','male',42,'mild','surat','russell radial',5),(286,'rebecca kennedy','male',53,'moderate','ahmedabad','hubbard glen',2),(287,'kelly lawrence','female',54,'mild','surat','darryl trafficway',6),(288,'miss melanie shannon dvm','female',5,'severe','surat','brian terrace',6),(289,'tara buckley','male',20,'mild','surat','rachel river',6),(290,'teresa yu','female',95,'severe','surat','ruiz manor',4),(291,'tina green','male',51,'moderate','ahmedabad','brandi squares',1),(292,'mr. joseph benson','male',67,'mild','ahmedabad','cross cape',3),(293,'francis scott','female',97,'moderate','ahmedabad','contreras fords',1),(294,'jeremy powers','male',42,'severe','surat','montes spurs',5),(295,'duane valdez','female',75,'severe','ahmedabad','cruz vista',3),(296,'michelle green','female',41,'severe','surat','karl springs',4),(297,'melissa rocha','male',38,'moderate','ahmedabad','katherine turnpike',3),(298,'jamie bradford','female',48,'severe','surat','larry locks',4),(299,'marissa jackson','female',35,'moderate','surat','brandon port',5),(300,'allison stewart','female',70,'mild','ahmedabad','gabrielle walk',2),(301,'stephanie richards','female',79,'mild','surat','kelly crossroad',4),(302,'charles jones','female',96,'mild','ahmedabad','galloway route',1),(303,'wesley rangel','female',11,'mild','surat','singh road',6),(304,'kyle johnson','female',88,'moderate','surat','brian mews',4),(305,'jesse ingram','male',51,'severe','surat','justin shore',4),(306,'charles stevens','male',61,'mild','ahmedabad','mark lodge',3),(307,'terry brown','male',72,'mild','ahmedabad','jill crossing',3),(308,'miss catherine tucker','female',14,'severe','surat','julia dam',6),(309,'charles david','female',73,'mild','ahmedabad','jones junctions',1),(310,'brian sloan','female',43,'moderate','surat','christina port',4),(311,'leslie mayo','male',37,'moderate','ahmedabad','smith lane',1),(312,'grace brooks','male',55,'mild','surat','lisa viaduct',4),(313,'ana flores','female',60,'mild','surat','shannon drive',5),(314,'tammy haas','male',59,'mild','ahmedabad','washington harbor',1),(315,'marie wade','female',1,'severe','surat','morales lodge',6),(316,'samuel garcia','male',73,'severe','ahmedabad','scott brook',1),(317,'lauren chapman','male',15,'mild','surat','elizabeth knoll',6),(318,'jason davenport','female',2,'moderate','ahmedabad','adam island',3),(319,'alyssa schultz','female',77,'moderate','ahmedabad','mcdaniel hollow',3),(320,'michelle mata','male',3,'mild','surat','rangel pike',6),(321,'deborah combs','female',30,'moderate','surat','ferguson plaza',6),(322,'kathleen rice','female',23,'moderate','ahmedabad','hines view',2),(323,'ashley knapp','male',99,'severe','surat','mitchell ford',4),(324,'steven noble','male',21,'moderate','surat','jonathan green',4),(325,'desiree sanchez','male',22,'severe','surat','harris branch',5),(326,'zachary carr','male',88,'severe','surat','washington ports',4),(327,'emily taylor','male',22,'severe','surat','victoria drives',6),(328,'steven case','female',50,'mild','surat','dennis falls',5),(329,'kelly holden','female',4,'mild','ahmedabad','anderson mall',1),(330,'leah jones','male',5,'mild','ahmedabad','martin mountains',3),(331,'samantha boyle','female',85,'mild','ahmedabad','ortega alley',3),(332,'rebecca maxwell','female',57,'moderate','surat','aguilar corner',5),(333,'johnny terry','male',72,'severe','ahmedabad','richardson prairie',2),(334,'dr. andrea dunlap','female',75,'severe','ahmedabad','walker well',2),(335,'timothy diaz','male',63,'moderate','surat','fitzgerald loop',5),(336,'matthew lowery','female',73,'mild','ahmedabad','ayers points',3),(337,'melody crawford','male',14,'moderate','surat','morgan gardens',5),(338,'stacey aguilar','male',14,'mild','surat','arnold wells',4),(339,'nicole mccall','male',61,'moderate','ahmedabad','kathryn mall',2),(340,'anthony ramos','female',90,'moderate','ahmedabad','liu mews',2),(341,'lorraine stein','male',51,'moderate','ahmedabad','kristin well',1),(342,'chad horn','male',48,'mild','ahmedabad','amanda tunnel',1),(343,'miss samantha barnett','female',86,'severe','ahmedabad','murray crossroad',3),(344,'brendan hunter','male',52,'mild','ahmedabad','edward loop',1),(345,'tara baker','male',78,'mild','ahmedabad','jim village',1),(346,'bianca estrada','male',23,'severe','ahmedabad','perez shore',1),(347,'daniel dunn','female',27,'moderate','ahmedabad','scott harbor',2),(348,'claudia jones','male',50,'mild','surat','mcclain tunnel',5),(349,'sarah ramirez','male',81,'moderate','surat','reyes mountain',4),(350,'david smith','female',53,'mild','ahmedabad','john oval',1),(351,'diana martinez','male',25,'moderate','surat','emily fork',4),(352,'aaron dixon','male',64,'severe','surat','barton common',4),(353,'shelly hinton','male',69,'mild','ahmedabad','jessica cliffs',3),(354,'geoffrey lane','female',67,'moderate','surat','mallory roads',5),(355,'april nelson','female',100,'severe','surat','william street',5),(356,'bonnie solis','female',94,'moderate','ahmedabad','michael circle',1),(357,'anthony jenkins','male',64,'severe','ahmedabad','karen route',1),(358,'dylan castaneda','female',89,'mild','surat','jacqueline burgs',4),(359,'karen bell','female',97,'mild','surat','newton flats',4),(360,'jerry ellis','male',10,'mild','surat','owens inlet',6),(361,'alexa parks','male',6,'mild','surat','andrew springs',6),(362,'paige mitchell','male',55,'moderate','ahmedabad','barber mews',2),(363,'douglas williams','male',99,'moderate','ahmedabad','jones camp',3),(364,'peggy marsh','male',84,'moderate','ahmedabad','mary brooks',1),(365,'peter ramirez','male',15,'mild','ahmedabad','alexandra skyway',2),(366,'jessica mcclain','male',93,'severe','ahmedabad','diana creek',1),(367,'kenneth love','female',78,'mild','ahmedabad','alexis fort',1),(368,'amanda kirby','male',10,'severe','ahmedabad','mary points',3),(369,'connie kelly','male',29,'moderate','surat','sanchez highway',5),(370,'adam gonzales','male',84,'mild','ahmedabad','chad dale',1),(371,'sandra brewer','female',58,'moderate','surat','seth forks',4),(372,'donald perez','male',68,'mild','ahmedabad','velazquez crossroad',2),(373,'madison robinson','female',62,'mild','surat','madeline shoal',6),(374,'kevin schwartz','female',92,'severe','ahmedabad','jessica roads',1),(375,'catherine sandoval','female',43,'severe','ahmedabad','yvette knoll',2),(376,'jordan kaiser','male',47,'mild','surat','paula isle',4),(377,'ryan wright','male',82,'severe','surat','york meadow',5),(378,'paul schmidt','female',24,'severe','surat','andrea flats',6),(379,'amy williams','male',10,'moderate','surat','williams center',6),(380,'steven patterson','male',66,'moderate','ahmedabad','romero squares',3),(381,'nathan garcia','female',8,'severe','surat','deanna ville',6),(382,'brandon chapman','male',13,'moderate','ahmedabad','sullivan camp',3),(383,'richard gibson','male',19,'moderate','ahmedabad','christopher terrace',2),(384,'michael byrd','female',15,'severe','ahmedabad','madeline road',3),(385,'thomas perez','male',58,'mild','surat','parker inlet',5),(386,'tasha perez','female',15,'mild','ahmedabad','garrett inlet',1),(387,'brooke scott','female',8,'mild','surat','amy walks',5),(388,'ryan fisher','male',73,'severe','ahmedabad','hernandez meadow',2),(389,'james johnson','male',2,'moderate','surat','kennedy garden',6),(390,'michael matthews','female',94,'moderate','ahmedabad','sherry loaf',1),(391,'christian paul','female',47,'severe','surat','robinson view',6),(392,'alexander morris','male',73,'severe','ahmedabad','wilson gateway',1),(393,'alexis nelson','male',6,'moderate','ahmedabad','greene freeway',2),(394,'jennifer ashley','male',84,'mild','surat','pollard fort',5),(395,'crystal walker','male',91,'moderate','ahmedabad','rodriguez street',2),(396,'jennifer frank','male',66,'moderate','surat','marcus oval',6),(397,'chelsey brown','female',37,'severe','surat','mary stravenue',5),(398,'erika harris','female',95,'mild','ahmedabad','parker park',3),(399,'benjamin jackson','male',73,'severe','surat','robert plaza',4),(400,'timothy salazar','female',30,'mild','surat','hall glens',5),(401,'john blair','male',74,'mild','ahmedabad','joseph corners',1),(402,'kerry jones','female',31,'moderate','surat','victoria park',6),(403,'deborah russell','male',23,'severe','surat','schultz plains',4),(404,'kathleen stephens','female',90,'severe','surat','liu land',4),(405,'mrs. laura brooks','male',35,'mild','ahmedabad','samantha shoal',1),(406,'karen wright','female',52,'mild','surat','raymond inlet',4),(407,'dennis hansen','female',73,'moderate','ahmedabad','alexis walk',2),(408,'kevin nolan','male',70,'mild','surat','kayla island',4),(409,'victoria brewer','female',51,'moderate','ahmedabad','roach course',3),(410,'troy garcia','female',50,'mild','ahmedabad','alexis fields',2),(411,'anne graves','male',80,'mild','surat','susan courts',5),(412,'robert young','female',35,'mild','ahmedabad','bradley street',2),(413,'kenneth rios','female',97,'mild','ahmedabad','bailey drive',1),(414,'jeremy walker','female',75,'moderate','ahmedabad','hernandez gardens',3),(415,'mathew king','female',99,'severe','surat','kara roads',4),(416,'karen berry','female',96,'moderate','surat','katherine mountain',4),(417,'jon ramos','male',6,'mild','ahmedabad','olson wall',3),(418,'melissa watkins','male',20,'mild','surat','hendrix key',5),(419,'tyler arnold','male',7,'severe','surat','snyder square',4),(420,'amanda branch','male',14,'moderate','ahmedabad','fields place',1),(421,'virginia newman','male',45,'mild','surat','lamb crossing',5),(422,'dr. joshua benitez jr.','female',4,'severe','ahmedabad','dawn radial',3),(423,'kristin mayo','female',1,'severe','surat','darlene burg',6),(424,'brent douglas','male',36,'moderate','ahmedabad','willie extension',2),(425,'melinda wood','male',88,'mild','surat','cunningham ports',5),(426,'kathy wallace','male',1,'severe','surat','carson circle',4),(427,'angel lucas','male',86,'severe','ahmedabad','montgomery fall',1),(428,'phillip maldonado','female',18,'moderate','surat','alexandria mount',4),(429,'stephanie smith','male',36,'moderate','surat','colleen path',4),(430,'vincent flynn','male',31,'moderate','surat','morgan heights',6),(431,'steven moore','female',33,'mild','surat','amy glen',6),(432,'bradley sullivan md','male',46,'mild','ahmedabad','katherine wall',3),(433,'randy williams','male',14,'mild','surat','gallagher manor',5),(434,'daniel walton','female',66,'moderate','ahmedabad','sherry fords',3),(435,'megan avila','female',68,'moderate','ahmedabad','lopez walks',1),(436,'crystal schneider','female',6,'severe','surat','harvey stravenue',5),(437,'nicole pollard','male',55,'moderate','ahmedabad','hernandez parks',3),(438,'julie cruz','male',46,'severe','surat','alexander freeway',5),(439,'kathy conner','male',30,'mild','surat','rosario dam',5),(440,'karen graves','female',4,'moderate','surat','kent port',4),(441,'nichole riggs','female',47,'mild','surat','jones villages',6),(442,'stephanie hodges','male',69,'mild','ahmedabad','amber mission',2),(443,'catherine fischer','male',43,'mild','ahmedabad','christina creek',3),(444,'steven perkins','male',28,'severe','ahmedabad','myers lodge',2),(445,'david perez dds','female',89,'moderate','surat','adams divide',6),(446,'chloe dean','male',19,'severe','ahmedabad','kaiser point',3),(447,'becky gray','female',93,'moderate','surat','wagner estates',6),(448,'kelsey anderson','male',44,'moderate','surat','stevens roads',4),(449,'ryan phillips','male',10,'moderate','ahmedabad','brown plaza',1),(450,'daniel barber','female',50,'moderate','ahmedabad','danny plaza',2),(451,'steven jimenez','female',91,'moderate','ahmedabad','smith port',2),(452,'karen bailey','female',38,'moderate','surat','blair land',4),(453,'daniel macdonald','female',26,'mild','ahmedabad','brandy stream',1),(454,'christopher moss','female',66,'mild','ahmedabad','hannah stream',1),(455,'michael franco','female',80,'moderate','surat','burke estates',6),(456,'chris flores','male',28,'severe','ahmedabad','carl dale',3),(457,'amber miller','male',75,'mild','ahmedabad','rebecca station',3),(458,'shaun brown','female',20,'severe','surat','haley mall',6),(459,'michelle hernandez','male',1,'moderate','surat','richards park',6),(460,'brittany ward','male',26,'severe','surat','lopez lane',5),(461,'charles serrano','male',3,'severe','surat','ronald ridge',5),(462,'david lopez','male',5,'moderate','ahmedabad','brian dale',1),(463,'elizabeth mitchell','male',98,'mild','ahmedabad','scott valleys',2),(464,'ethan garcia','female',12,'moderate','ahmedabad','curtis locks',3),(465,'daniel carlson','male',2,'severe','ahmedabad','webb heights',1),(466,'laurie morris','male',43,'moderate','ahmedabad','kendra freeway',3),(467,'chad rangel jr.','female',54,'mild','surat','anita ports',6),(468,'gregory giles','female',2,'severe','surat','davis fall',6),(469,'patrick rodriguez','female',36,'moderate','ahmedabad','lang canyon',1),(470,'adam gill','male',31,'mild','surat','teresa road',6),(471,'joseph santiago','female',54,'mild','ahmedabad','hunter loop',1),(472,'ashley baker','female',99,'severe','ahmedabad','kimberly haven',3),(473,'ann parker','male',47,'severe','ahmedabad','erin hollow',1),(474,'ryan rivera','male',69,'moderate','surat','renee village',4),(475,'kenneth daniels','male',36,'moderate','surat','brooke ford',5),(476,'eddie lewis','female',33,'mild','ahmedabad','carter ridge',3),(477,'kevin johnston','female',27,'mild','surat','nguyen parkways',5),(478,'michael lyons','male',19,'moderate','surat','turner throughway',4),(479,'michael coleman','male',79,'mild','surat','jacqueline lodge',5),(480,'cheryl pruitt','male',58,'mild','ahmedabad','taylor mall',1),(481,'jose wolfe','female',72,'severe','surat','david heights',5),(482,'brianna doyle','male',28,'severe','ahmedabad','michael stravenue',3),(483,'jennifer melton','male',8,'moderate','surat','wilson rue',6),(484,'dawn martinez','male',52,'severe','ahmedabad','madison club',1),(485,'grace carter','male',51,'severe','surat','angela fields',5),(486,'joseph schmitt','female',33,'severe','ahmedabad','holmes bridge',1),(487,'tina perry','female',28,'severe','surat','eric road',5),(488,'jessica tucker','female',7,'moderate','ahmedabad','kristina locks',1),(489,'carrie rojas','female',50,'severe','ahmedabad','riley square',1),(490,'george ray','female',41,'mild','surat','young springs',6),(491,'richard casey','female',51,'mild','ahmedabad','scott corners',1),(492,'michael davis','female',24,'mild','ahmedabad','brock extensions',3),(493,'virginia savage','male',88,'severe','surat','roberts harbor',6),(494,'adam townsend','male',49,'severe','ahmedabad','carrillo street',1),(495,'susan castro','male',86,'moderate','ahmedabad','nicole run',3),(496,'lynn baker','male',13,'mild','ahmedabad','michael park',1),(497,'jessica harris','male',76,'moderate','surat','nguyen pike',6),(498,'carlos harvey','male',50,'mild','surat','price station',6),(499,'lynn parks','female',62,'mild','ahmedabad','jenna ways',1),(500,'christy miller','male',14,'severe','surat','earl cliff',5);
/*!40000 ALTER TABLE `people` ENABLE KEYS */;
UNLOCK TABLES;
/*!40103 SET TIME_ZONE=@OLD_TIME_ZONE */;

/*!40101 SET SQL_MODE=@OLD_SQL_MODE */;
/*!40014 SET FOREIGN_KEY_CHECKS=@OLD_FOREIGN_KEY_CHECKS */;
/*!40014 SET UNIQUE_CHECKS=@OLD_UNIQUE_CHECKS */;
/*!40101 SET CHARACTER_SET_CLIENT=@OLD_CHARACTER_SET_CLIENT */;
/*!40101 SET CHARACTER_SET_RESULTS=@OLD_CHARACTER_SET_RESULTS */;
/*!40101 SET COLLATION_CONNECTION=@OLD_COLLATION_CONNECTION */;
/*!40111 SET SQL_NOTES=@OLD_SQL_NOTES */;

-- Dump completed on 2023-08-26 16:55:52
